tick,scenario,enabled,gini,gini_post_transfer,poverty_rate,poverty_rate_post_transfer,beneficiaries,coverage_ratio,graduated_total,fund_balance,total_transfers,total_surtax_collected,benefit_per_capita,eligibility_threshold
0,3b_corte_gradual,1,0.4607,0.4181,0.595,0.595,80,0.4,0,-404.82,960.0,555.18,12.0,90.0
1,3b_corte_gradual,1,0.3926,0.359,0.6,0.56,80,0.4,0,-854.34,1920.0,1065.66,12.0,90.0
2,3b_corte_gradual,1,0.3491,0.3215,0.565,0.495,80,0.4,0,-1348.34,2880.0,1531.66,12.0,90.0
3,3b_corte_gradual,1,0.3121,0.2905,0.49,0.375,80,0.4,0,-1875.82,3840.0,1964.18,12.0,90.0
4,3b_corte_gradual,1,0.2819,0.2652,0.385,0.35,80,0.4,0,-2469.83,4800.0,2330.17,12.0,90.0
5,3b_corte_gradual,1,0.2573,0.2446,0.355,0.23,80,0.4,0,-3091.44,5760.0,2668.56,12.0,90.0
6,3b_corte_gradual,1,0.2377,0.228,0.235,0.215,80,0.4,0,-3756.58,6720.0,2963.42,12.0,90.0
7,3b_corte_gradual,1,0.2214,0.2142,0.215,0.215,80,0.4,0,-4437.15,7680.0,3242.85,12.0,90.0
8,3b_corte_gradual,1,0.2082,0.2039,0.215,0.215,80,0.4,0,-5140.93,8640.0,3499.07,12.0,90.0
9,3b_corte_gradual,1,0.1997,0.199,0.215,0.215,80,0.4,0,-5910.92,9600.0,3689.08,12.0,90.0
10,3b_corte_gradual,1,0.1952,0.1985,0.22,0.22,80,0.4,0,-6663.65,10560.0,3896.35,12.0,90.0
11,3b_corte_gradual,1,0.194,0.2003,0.22,0.22,80,0.4,0,-7366.76,11520.0,4153.24,12.0,90.0
12,3b_corte_gradual,1,0.1926,0.201,0.22,0.22,80,0.4,0,-7833.24,12480.0,4646.76,12.0,90.0
13,3b_corte_gradual,1,0.1927,0.2027,0.22,0.22,80,0.4,0,-8242.29,13440.0,5197.71,12.0,90.0
14,3b_corte_gradual,1,0.1938,0.2046,0.225,0.225,80,0.4,0,-8502.12,14400.0,5897.88,12.0,90.0
15,3b_corte_gradual,1,0.1956,0.207,0.22,0.22,80,0.4,0,-8682.69,15360.0,6677.31,12.0,90.0
16,3b_corte_gradual,1,0.1981,0.2098,0.215,0.215,80,0.4,0,-8830.19,16320.0,7489.81,12.0,90.0
17,3b_corte_gradual,1,0.2009,0.2128,0.22,0.22,80,0.4,0,-8953.49,17280.0,8326.51,12.0,90.0
18,3b_corte_gradual,1,0.2041,0.2161,0.22,0.22,80,0.4,0,-9071.13,18240.0,9168.87,12.0,90.0
19,3b_corte_gradual,1,0.2073,0.2191,0.22,0.22,80,0.4,0,-9209.68,19200.0,9990.32,12.0,90.0
20,3b_corte_gradual,1,0.2103,0.2223,0.235,0.235,80,0.4,0,-9350.76,20160.0,10809.24,12.0,90.0
21,3b_corte_gradual,1,0.2134,0.2253,0.235,0.235,80,0.4,0,-9476.33,21120.0,11643.67,12.0,90.0
22,3b_corte_gradual,1,0.2166,0.2284,0.235,0.235,80,0.4,0,-9604.73,22080.0,12475.27,12.0,90.0
23,3b_corte_gradual,1,0.2197,0.2314,0.235,0.235,80,0.4,0,-9727.39,23040.0,13312.61,12.0,90.0
24,3b_corte_gradual,1,0.2227,0.2343,0.235,0.235,80,0.4,0,-9844.33,24000.0,14155.67,12.0,90.0
25,3b_corte_gradual,1,0.2256,0.2371,0.235,0.235,80,0.4,0,-9964.67,24960.0,14995.33,12.0,90.0
26,3b_corte_gradual,1,0.2284,0.2397,0.24,0.24,80,0.4,0,-10079.69,25920.0,15840.31,12.0,90.0
27,3b_corte_gradual,1,0.231,0.2423,0.24,0.24,80,0.4,0,-10189.64,26880.0,16690.36,12.0,90.0
28,3b_corte_gradual,1,0.2336,0.2448,0.24,0.24,80,0.4,0,-10294.79,27840.0,17545.21,12.0,90.0
29,3b_corte_gradual,1,0.2362,0.244,0.24,0.24,80,0.4,0,-10395.36,28800.0,18404.64,12.0,90.0
30,3b_corte_gradual,1,0.2352,0.2398,0.24,0.24,80,0.4,0,-10203.6,29472.0,19268.4,12.0,90.0
31,3b_corte_gradual,1,0.2309,0.2321,0.24,0.24,80,0.4,0,-9734.11,29856.0,20121.89,12.0,90.0
32,3b_corte_gradual,1,0.2229,0.2229,0.24,0.24,0,0.0,80,-9000.79,29952.0,20951.21,12.0,90.0
33,3b_corte_gradual,1,0.1943,0.1757,0.21,0.155,48,0.24,80,-8862.51,30528.0,21665.49,12.0,90.0
34,3b_corte_gradual,1,0.1671,0.1495,0.155,0.095,48,0.24,80,-8759.75,31104.0,22344.25,12.0,90.0
35,3b_corte_gradual,1,0.1424,0.1266,0.095,0.02,48,0.24,80,-8860.87,31680.0,22819.13,12.0,90.0
36,3b_corte_gradual,1,0.1266,0.1129,0.02,0.02,48,0.24,80,-9436.87,32256.0,22819.13,12.0,90.0
37,3b_corte_gradual,1,0.1129,0.1012,0.02,0.01,48,0.24,80,-10012.87,32832.0,22819.13,12.0,90.0
38,3b_corte_gradual,1,0.1012,0.0912,0.01,0.01,48,0.24,80,-10588.87,33408.0,22819.13,12.0,90.0
39,3b_corte_gradual,1,0.0913,0.0835,0.01,0.01,48,0.24,80,-11164.87,33984.0,22819.13,12.0,90.0
40,3b_corte_gradual,1,0.0835,0.0802,0.01,0.0,48,0.24,80,-11740.87,34560.0,22819.13,12.0,90.0
41,3b_corte_gradual,1,0.0798,0.0809,0.0,0.0,48,0.24,80,-12298.58,35136.0,22837.42,12.0,90.0
42,3b_corte_gradual,1,0.0778,0.0841,0.0,0.0,48,0.24,80,-12754.26,35712.0,22957.74,12.0,90.0
43,3b_corte_gradual,1,0.0791,0.0892,0.0,0.0,48,0.24,80,-13124.79,36288.0,23163.21,12.0,90.0
44,3b_corte_gradual,1,0.0828,0.0931,0.0,0.0,48,0.24,80,-13417.6,36864.0,23446.4,12.0,90.0
45,3b_corte_gradual,1,0.0844,0.0951,0.0,0.0,48,0.24,80,-13572.74,37440.0,23867.26,12.0,90.0
46,3b_corte_gradual,1,0.0862,0.0969,0.0,0.0,48,0.24,80,-13713.46,38016.0,24302.54,12.0,90.0
47,3b_corte_gradual,1,0.0879,0.0987,0.0,0.0,48,0.24,80,-13839.33,38592.0,24752.67,12.0,90.0
48,3b_corte_gradual,1,0.0896,0.1008,0.0,0.0,48,0.24,80,-13960.04,39168.0,25207.96,12.0,90.0
49,3b_corte_gradual,1,0.0917,0.1029,0.0,0.0,48,0.24,80,-14075.87,39744.0,25668.13,12.0,90.0
50,3b_corte_gradual,1,0.0935,0.1046,0.0,0.0,48,0.24,80,-14168.0,40320.0,26152.0,12.0,90.0
51,3b_corte_gradual,1,0.0952,0.1063,0.0,0.0,48,0.24,80,-14255.47,40896.0,26640.53,12.0,90.0
52,3b_corte_gradual,1,0.0968,0.1078,0.0,0.0,48,0.24,80,-14338.52,41472.0,27133.48,12.0,90.0
53,3b_corte_gradual,1,0.0983,0.1093,0.0,0.0,48,0.24,80,-14417.35,42048.0,27630.65,12.0,90.0
54,3b_corte_gradual,1,0.0997,0.1107,0.0,0.0,48,0.24,80,-14492.18,42624.0,28131.82,12.0,90.0
55,3b_corte_gradual,1,0.1011,0.112,0.0,0.0,48,0.24,80,-14563.22,43200.0,28636.78,12.0,90.0
56,3b_corte_gradual,1,0.1024,0.1132,0.0,0.0,48,0.24,80,-14630.64,43776.0,29145.36,12.0,90.0
57,3b_corte_gradual,1,0.1036,0.1144,0.0,0.0,48,0.24,80,-14694.64,44352.0,29657.36,12.0,90.0
58,3b_corte_gradual,1,0.1047,0.1155,0.0,0.0,48,0.24,80,-14755.37,44928.0,30172.63,12.0,90.0
59,3b_corte_gradual,1,0.1058,0.1165,0.0,0.0,48,0.24,80,-14813.01,45504.0,30690.99,12.0,90.0
60,3b_corte_gradual,1,0.1068,0.1175,0.0,0.0,48,0.24,80,-14867.71,46080.0,31212.29,12.0,90.0
61,3b_corte_gradual,1,0.1078,0.1184,0.0,0.0,48,0.24,80,-14919.61,46656.0,31736.39,12.0,90.0
62,3b_corte_gradual,1,0.1087,0.1162,0.0,0.0,48,0.24,80,-14968.85,47232.0,32263.15,12.0,90.0
63,3b_corte_gradual,1,0.1064,0.1107,0.0,0.0,48,0.24,80,-14833.77,47635.2,32801.43,12.0,90.0
64,3b_corte_gradual,1,0.1008,0.1019,0.0,0.0,48,0.24,80,-14541.14,47865.6,33324.46,12.0,90.0
65,3b_corte_gradual,1,0.092,0.092,0.0,0.0,0,0.0,128,-14090.28,47923.2,33832.92,12.0,90.0
66,3b_corte_gradual,1,0.0823,0.0823,0.0,0.0,0,0.0,128,-13604.31,47923.2,34318.89,12.0,90.0
67,3b_corte_gradual,1,0.0729,0.0729,0.0,0.0,0,0.0,128,-13142.59,47923.2,34780.61,12.0,90.0
68,3b_corte_gradual,1,0.068,0.068,0.0,0.0,0,0.0,128,-12730.61,47923.2,35192.59,12.0,90.0
69,3b_corte_gradual,1,0.0681,0.0681,0.0,0.0,0,0.0,128,-12730.61,47923.2,35192.59,12.0,90.0
70,3b_corte_gradual,1,0.0681,0.0681,0.0,0.0,0,0.0,128,-12730.61,47923.2,35192.59,12.0,90.0
71,3b_corte_gradual,1,0.0682,0.0682,0.0,0.0,0,0.0,128,-12730.61,47923.2,35192.59,12.0,90.0
72,3b_corte_gradual,1,0.0682,0.0682,0.0,0.0,0,0.0,128,-12721.61,47923.2,35201.59,12.0,90.0
73,3b_corte_gradual,1,0.0682,0.0682,0.0,0.0,0,0.0,128,-12712.6,47923.2,35210.6,12.0,90.0
74,3b_corte_gradual,1,0.0682,0.0682,0.0,0.0,0,0.0,128,-12694.59,47923.2,35228.61,12.0,90.0
75,3b_corte_gradual,1,0.0682,0.0682,0.0,0.0,0,0.0,128,-12694.59,47923.2,35228.61,12.0,90.0
76,3b_corte_gradual,1,0.0682,0.0682,0.0,0.0,0,0.0,128,-12676.59,47923.2,35246.61,12.0,90.0
77,3b_corte_gradual,1,0.0682,0.0682,0.0,0.0,0,0.0,128,-12676.59,47923.2,35246.61,12.0,90.0
78,3b_corte_gradual,1,0.0682,0.0682,0.0,0.0,0,0.0,128,-12667.59,47923.2,35255.61,12.0,90.0
79,3b_corte_gradual,1,0.0683,0.0683,0.0,0.0,0,0.0,128,-12667.59,47923.2,35255.61,12.0,90.0
80,3b_corte_gradual,1,0.0683,0.0683,0.0,0.0,0,0.0,128,-12658.59,47923.2,35264.61,12.0,90.0
81,3b_corte_gradual,1,0.0682,0.0682,0.0,0.0,0,0.0,128,-12640.58,47923.2,35282.62,12.0,90.0
82,3b_corte_gradual,1,0.0683,0.0683,0.0,0.0,0,0.0,128,-12640.58,47923.2,35282.62,12.0,90.0
83,3b_corte_gradual,1,0.0683,0.0683,0.0,0.0,0,0.0,128,-12631.57,47923.2,35291.63,12.0,90.0
84,3b_corte_gradual,1,0.0682,0.0682,0.0,0.0,0,0.0,128,-12613.57,47923.2,35309.63,12.0,90.0
85,3b_corte_gradual,1,0.068,0.068,0.0,0.0,0,0.0,128,-12586.56,47923.2,35336.64,12.0,90.0
86,3b_corte_gradual,1,0.0681,0.0681,0.0,0.0,0,0.0,128,-12586.56,47923.2,35336.64,12.0,90.0
87,3b_corte_gradual,1,0.068,0.068,0.0,0.0,0,0.0,128,-12568.56,47923.2,35354.64,12.0,90.0
88,3b_corte_gradual,1,0.0679,0.0679,0.0,0.0,0,0.0,128,-12559.56,47923.2,35363.64,12.0,90.0
89,3b_corte_gradual,1,0.0679,0.0679,0.0,0.0,0,0.0,128,-12550.56,47923.2,35372.64,12.0,90.0
90,3b_corte_gradual,1,0.0677,0.0677,0.0,0.0,0,0.0,128,-12523.55,47923.2,35399.65,12.0,90.0
91,3b_corte_gradual,1,0.0677,0.0677,0.0,0.0,0,0.0,128,-12523.55,47923.2,35399.65,12.0,90.0
92,3b_corte_gradual,1,0.0677,0.0677,0.0,0.0,0,0.0,128,-12514.54,47923.2,35408.66,12.0,90.0
93,3b_corte_gradual,1,0.0676,0.0676,0.0,0.0,0,0.0,128,-12505.54,47923.2,35417.66,12.0,90.0
94,3b_corte_gradual,1,0.0675,0.0675,0.0,0.0,0,0.0,128,-12487.54,47923.2,35435.66,12.0,90.0
95,3b_corte_gradual,1,0.0675,0.0675,0.0,0.0,0,0.0,128,-12487.54,47923.2,35435.66,12.0,90.0
96,3b_corte_gradual,1,0.0675,0.0675,0.0,0.0,0,0.0,128,-12487.54,47923.2,35435.66,12.0,90.0
97,3b_corte_gradual,1,0.0676,0.0676,0.0,0.0,0,0.0,128,-12487.54,47923.2,35435.66,12.0,90.0
98,3b_corte_gradual,1,0.0672,0.0672,0.0,0.0,0,0.0,128,-12442.53,47923.2,35480.67,12.0,90.0
99,3b_corte_gradual,1,0.0671,0.0671,0.0,0.0,0,0.0,128,-12433.53,47923.2,35489.67,12.0,90.0
100,3b_corte_gradual,1,0.0669,0.0669,0.0,0.0,0,0.0,128,-12406.52,47923.2,35516.68,12.0,90.0
101,3b_corte_gradual,1,0.0669,0.0669,0.0,0.0,0,0.0,128,-12406.52,47923.2,35516.68,12.0,90.0
102,3b_corte_gradual,1,0.0667,0.0667,0.0,0.0,0,0.0,128,-12388.51,47923.2,35534.69,12.0,90.0
103,3b_corte_gradual,1,0.0667,0.0667,0.0,0.0,0,0.0,128,-12388.51,47923.2,35534.69,12.0,90.0
104,3b_corte_gradual,1,0.0664,0.0664,0.0,0.0,0,0.0,128,-12361.5,47923.2,35561.7,12.0,90.0
105,3b_corte_gradual,1,0.0663,0.0663,0.0,0.0,0,0.0,128,-12352.49,47923.2,35570.71,12.0,90.0
106,3b_corte_gradual,1,0.0662,0.0662,0.0,0.0,0,0.0,128,-12343.49,47923.2,35579.71,12.0,90.0
107,3b_corte_gradual,1,0.0661,0.0661,0.0,0.0,0,0.0,128,-12334.49,47923.2,35588.71,12.0,90.0
108,3b_corte_gradual,1,0.0662,0.0662,0.0,0.0,0,0.0,128,-12334.49,47923.2,35588.71,12.0,90.0
109,3b_corte_gradual,1,0.0661,0.0661,0.0,0.0,0,0.0,128,-12325.49,47923.2,35597.71,12.0,90.0
110,3b_corte_gradual,1,0.0661,0.0661,0.0,0.0,0,0.0,128,-12325.49,47923.2,35597.71,12.0,90.0
111,3b_corte_gradual,1,0.0661,0.0661,0.0,0.0,0,0.0,128,-12325.49,47923.2,35597.71,12.0,90.0
112,3b_corte_gradual,1,0.0659,0.0659,0.0,0.0,0,0.0,128,-12307.48,47923.2,35615.72,12.0,90.0
113,3b_corte_gradual,1,0.0657,0.0657,0.0,0.0,0,0.0,128,-12289.47,47923.2,35633.73,12.0,90.0
114,3b_corte_gradual,1,0.0656,0.0656,0.0,0.0,0,0.0,128,-12280.47,47923.2,35642.73,12.0,90.0
115,3b_corte_gradual,1,0.0656,0.0656,0.0,0.0,0,0.0,128,-12280.47,47923.2,35642.73,12.0,90.0
116,3b_corte_gradual,1,0.0655,0.0655,0.0,0.0,0,0.0,128,-12271.47,47923.2,35651.73,12.0,90.0
117,3b_corte_gradual,1,0.0655,0.0655,0.0,0.0,0,0.0,128,-12271.47,47923.2,35651.73,12.0,90.0
118,3b_corte_gradual,1,0.0654,0.0654,0.0,0.0,0,0.0,128,-12262.47,47923.2,35660.73,12.0,90.0
119,3b_corte_gradual,1,0.0655,0.0655,0.0,0.0,0,0.0,128,-12262.47,47923.2,35660.73,12.0,90.0
120,3b_corte_gradual,1,0.0655,0.0655,0.0,0.0,0,0.0,128,-12262.47,47923.2,35660.73,12.0,90.0
121,3b_corte_gradual,1,0.0655,0.0655,0.0,0.0,0,0.0,128,-12262.47,47923.2,35660.73,12.0,90.0
122,3b_corte_gradual,1,0.0655,0.0655,0.0,0.0,0,0.0,128,-12262.47,47923.2,35660.73,12.0,90.0
123,3b_corte_gradual,1,0.0656,0.0656,0.0,0.0,0,0.0,128,-12262.47,47923.2,35660.73,12.0,90.0
124,3b_corte_gradual,1,0.0656,0.0656,0.0,0.0,0,0.0,128,-12262.47,47923.2,35660.73,12.0,90.0
125,3b_corte_gradual,1,0.0656,0.0656,0.0,0.0,0,0.0,128,-12262.47,47923.2,35660.73,12.0,90.0
126,3b_corte_gradual,1,0.0657,0.0657,0.0,0.0,0,0.0,128,-12262.47,47923.2,35660.73,12.0,90.0
127,3b_corte_gradual,1,0.0657,0.0657,0.0,0.0,0,0.0,128,-12262.47,47923.2,35660.73,12.0,90.0
128,3b_corte_gradual,1,0.0657,0.0657,0.0,0.0,0,0.0,128,-12262.47,47923.2,35660.73,12.0,90.0
129,3b_corte_gradual,1,0.0658,0.0658,0.0,0.0,0,0.0,128,-12262.47,47923.2,35660.73,12.0,90.0
130,3b_corte_gradual,1,0.0658,0.0658,0.0,0.0,0,0.0,128,-12262.47,47923.2,35660.73,12.0,90.0
131,3b_corte_gradual,1,0.0659,0.0659,0.0,0.0,0,0.0,128,-12262.47,47923.2,35660.73,12.0,90.0
132,3b_corte_gradual,1,0.0659,0.0659,0.0,0.0,0,0.0,128,-12262.47,47923.2,35660.73,12.0,90.0
133,3b_corte_gradual,1,0.066,0.066,0.0,0.0,0,0.0,128,-12262.47,47923.2,35660.73,12.0,90.0
134,3b_corte_gradual,1,0.066,0.066,0.0,0.0,0,0.0,128,-12262.47,47923.2,35660.73,12.0,90.0
135,3b_corte_gradual,1,0.0661,0.0661,0.0,0.0,0,0.0,128,-12262.47,47923.2,35660.73,12.0,90.0
136,3b_corte_gradual,1,0.0661,0.0661,0.0,0.0,0,0.0,128,-12262.47,47923.2,35660.73,12.0,90.0
137,3b_corte_gradual,1,0.0662,0.0662,0.0,0.0,0,0.0,128,-12262.47,47923.2,35660.73,12.0,90.0
138,3b_corte_gradual,1,0.0662,0.0662,0.0,0.0,0,0.0,128,-12262.47,47923.2,35660.73,12.0,90.0
139,3b_corte_gradual,1,0.0663,0.0663,0.0,0.0,0,0.0,128,-12262.47,47923.2,35660.73,12.0,90.0
140,3b_corte_gradual,1,0.0663,0.0663,0.0,0.0,0,0.0,128,-12262.47,47923.2,35660.73,12.0,90.0
141,3b_corte_gradual,1,0.0664,0.0664,0.0,0.0,0,0.0,128,-12262.47,47923.2,35660.73,12.0,90.0
142,3b_corte_gradual,1,0.0665,0.0665,0.0,0.0,0,0.0,128,-12262.47,47923.2,35660.73,12.0,90.0
143,3b_corte_gradual,1,0.0665,0.0665,0.0,0.0,0,0.0,128,-12262.47,47923.2,35660.73,12.0,90.0
144,3b_corte_gradual,1,0.0666,0.0666,0.0,0.0,0,0.0,128,-12262.47,47923.2,35660.73,12.0,90.0
145,3b_corte_gradual,1,0.0666,0.0666,0.0,0.0,0,0.0,128,-12262.47,47923.2,35660.73,12.0,90.0
146,3b_corte_gradual,1,0.0666,0.0666,0.0,0.0,0,0.0,128,-12253.47,47923.2,35669.73,12.0,90.0
147,3b_corte_gradual,1,0.0667,0.0667,0.0,0.0,0,0.0,128,-12253.47,47923.2,35669.73,12.0,90.0
148,3b_corte_gradual,1,0.0668,0.0668,0.0,0.0,0,0.0,128,-12253.47,47923.2,35669.73,12.0,90.0
149,3b_corte_gradual,1,0.0668,0.0668,0.0,0.0,0,0.0,128,-12253.47,47923.2,35669.73,12.0,90.0
150,3b_corte_gradual,1,0.0669,0.0669,0.0,0.0,0,0.0,128,-12253.47,47923.2,35669.73,12.0,90.0
151,3b_corte_gradual,1,0.067,0.067,0.0,0.0,0,0.0,128,-12253.47,47923.2,35669.73,12.0,90.0
152,3b_corte_gradual,1,0.067,0.067,0.0,0.0,0,0.0,128,-12244.46,47923.2,35678.74,12.0,90.0
153,3b_corte_gradual,1,0.067,0.067,0.0,0.0,0,0.0,128,-12235.46,47923.2,35687.74,12.0,90.0
154,3b_corte_gradual,1,0.067,0.067,0.0,0.0,0,0.0,128,-12226.46,47923.2,35696.74,12.0,90.0
155,3b_corte_gradual,1,0.0671,0.0671,0.0,0.0,0,0.0,128,-12226.46,47923.2,35696.74,12.0,90.0
156,3b_corte_gradual,1,0.0671,0.0671,0.0,0.0,0,0.0,128,-12217.46,47923.2,35705.74,12.0,90.0
157,3b_corte_gradual,1,0.067,0.067,0.0,0.0,0,0.0,128,-12190.45,47923.2,35732.75,12.0,90.0
158,3b_corte_gradual,1,0.0669,0.0669,0.0,0.0,0,0.0,128,-12172.45,47923.2,35750.75,12.0,90.0
159,3b_corte_gradual,1,0.067,0.067,0.0,0.0,0,0.0,128,-12172.45,47923.2,35750.75,12.0,90.0
160,3b_corte_gradual,1,0.0671,0.0671,0.0,0.0,0,0.0,128,-12172.45,47923.2,35750.75,12.0,90.0
161,3b_corte_gradual,1,0.0671,0.0671,0.0,0.0,0,0.0,128,-12163.44,47923.2,35759.76,12.0,90.0
162,3b_corte_gradual,1,0.0671,0.0671,0.0,0.0,0,0.0,128,-12154.44,47923.2,35768.76,12.0,90.0
163,3b_corte_gradual,1,0.067,0.067,0.0,0.0,0,0.0,128,-12136.44,47923.2,35786.76,12.0,90.0
164,3b_corte_gradual,1,0.067,0.067,0.0,0.0,0,0.0,128,-12136.44,47923.2,35786.76,12.0,90.0
165,3b_corte_gradual,1,0.067,0.067,0.0,0.0,0,0.0,128,-12118.43,47923.2,35804.77,12.0,90.0
166,3b_corte_gradual,1,0.067,0.067,0.0,0.0,0,0.0,128,-12118.43,47923.2,35804.77,12.0,90.0
167,3b_corte_gradual,1,0.0669,0.0669,0.0,0.0,0,0.0,128,-12091.42,47923.2,35831.78,12.0,90.0
168,3b_corte_gradual,1,0.0667,0.0667,0.0,0.0,0,0.0,128,-12064.4,47923.2,35858.8,12.0,90.0
169,3b_corte_gradual,1,0.0667,0.0667,0.0,0.0,0,0.0,128,-12064.4,47923.2,35858.8,12.0,90.0
170,3b_corte_gradual,1,0.0665,0.0665,0.0,0.0,0,0.0,128,-12037.39,47923.2,35885.81,12.0,90.0
171,3b_corte_gradual,1,0.0665,0.0665,0.0,0.0,0,0.0,128,-12028.39,47923.2,35894.81,12.0,90.0
172,3b_corte_gradual,1,0.0665,0.0665,0.0,0.0,0,0.0,128,-12028.39,47923.2,35894.81,12.0,90.0
173,3b_corte_gradual,1,0.0664,0.0664,0.0,0.0,0,0.0,128,-12010.39,47923.2,35912.81,12.0,90.0
174,3b_corte_gradual,1,0.0664,0.0664,0.0,0.0,0,0.0,128,-12010.39,47923.2,35912.81,12.0,90.0
175,3b_corte_gradual,1,0.0665,0.0665,0.0,0.0,0,0.0,128,-12010.39,47923.2,35912.81,12.0,90.0
176,3b_corte_gradual,1,0.0665,0.0665,0.0,0.0,0,0.0,128,-12010.39,47923.2,35912.81,12.0,90.0
177,3b_corte_gradual,1,0.0661,0.0661,0.0,0.0,0,0.0,128,-11965.37,47923.2,35957.83,12.0,90.0
178,3b_corte_gradual,1,0.0661,0.0661,0.0,0.0,0,0.0,128,-11956.37,47923.2,35966.83,12.0,90.0
179,3b_corte_gradual,1,0.066,0.066,0.0,0.0,0,0.0,128,-11947.36,47923.2,35975.84,12.0,90.0
180,3b_corte_gradual,1,0.0658,0.0658,0.0,0.0,0,0.0,128,-11920.35,47923.2,36002.85,12.0,90.0
181,3b_corte_gradual,1,0.0655,0.0655,0.0,0.0,0,0.0,128,-11893.35,47923.2,36029.85,12.0,90.0
182,3b_corte_gradual,1,0.0653,0.0653,0.0,0.0,0,0.0,128,-11875.34,47923.2,36047.86,12.0,90.0
183,3b_corte_gradual,1,0.0652,0.0652,0.0,0.0,0,0.0,128,-11866.34,47923.2,36056.86,12.0,90.0
184,3b_corte_gradual,1,0.0651,0.0651,0.0,0.0,0,0.0,128,-11857.33,47923.2,36065.87,12.0,90.0
185,3b_corte_gradual,1,0.0651,0.0651,0.0,0.0,0,0.0,128,-11857.33,47923.2,36065.87,12.0,90.0
186,3b_corte_gradual,1,0.0652,0.0652,0.0,0.0,0,0.0,128,-11857.33,47923.2,36065.87,12.0,90.0
187,3b_corte_gradual,1,0.0652,0.0652,0.0,0.0,0,0.0,128,-11857.33,47923.2,36065.87,12.0,90.0
188,3b_corte_gradual,1,0.0649,0.0649,0.0,0.0,0,0.0,128,-11830.32,47923.2,36092.88,12.0,90.0
189,3b_corte_gradual,1,0.0649,0.0649,0.0,0.0,0,0.0,128,-11830.32,47923.2,36092.88,12.0,90.0
190,3b_corte_gradual,1,0.0648,0.0648,0.0,0.0,0,0.0,128,-11821.31,47923.2,36101.89,12.0,90.0
191,3b_corte_gradual,1,0.0648,0.0648,0.0,0.0,0,0.0,128,-11821.31,47923.2,36101.89,12.0,90.0
192,3b_corte_gradual,1,0.0646,0.0646,0.0,0.0,0,0.0,128,-11803.31,47923.2,36119.89,12.0,90.0
193,3b_corte_gradual,1,0.0647,0.0647,0.0,0.0,0,0.0,128,-11803.31,47923.2,36119.89,12.0,90.0
194,3b_corte_gradual,1,0.0646,0.0646,0.0,0.0,0,0.0,128,-11794.3,47923.2,36128.9,12.0,90.0
195,3b_corte_gradual,1,0.0646,0.0646,0.0,0.0,0,0.0,128,-11794.3,47923.2,36128.9,12.0,90.0
196,3b_corte_gradual,1,0.0646,0.0646,0.0,0.0,0,0.0,128,-11794.3,47923.2,36128.9,12.0,90.0
197,3b_corte_gradual,1,0.0647,0.0647,0.0,0.0,0,0.0,128,-11794.3,47923.2,36128.9,12.0,90.0
198,3b_corte_gradual,1,0.0647,0.0647,0.0,0.0,0,0.0,128,-11794.3,47923.2,36128.9,12.0,90.0
199,3b_corte_gradual,1,0.0645,0.0645,0.0,0.0,0,0.0,128,-11776.29,47923.2,36146.91,12.0,90.0
200,3b_corte_gradual,1,0.0646,0.0646,0.0,0.0,0,0.0,128,-11776.29,47923.2,36146.91,12.0,90.0
201,3b_corte_gradual,1,0.0646,0.0646,0.0,0.0,0,0.0,128,-11776.29,47923.2,36146.91,12.0,90.0
202,3b_corte_gradual,1,0.0646,0.0646,0.0,0.0,0,0.0,128,-11776.29,47923.2,36146.91,12.0,90.0
203,3b_corte_gradual,1,0.0647,0.0647,0.0,0.0,0,0.0,128,-11776.29,47923.2,36146.91,12.0,90.0
204,3b_corte_gradual,1,0.0647,0.0647,0.0,0.0,0,0.0,128,-11776.29,47923.2,36146.91,12.0,90.0
205,3b_corte_gradual,1,0.0648,0.0648,0.0,0.0,0,0.0,128,-11776.29,47923.2,36146.91,12.0,90.0
206,3b_corte_gradual,1,0.0648,0.0648,0.0,0.0,0,0.0,128,-11776.29,47923.2,36146.91,12.0,90.0
207,3b_corte_gradual,1,0.0649,0.0649,0.0,0.0,0,0.0,128,-11776.29,47923.2,36146.91,12.0,90.0
208,3b_corte_gradual,1,0.0649,0.0649,0.0,0.0,0,0.0,128,-11776.29,47923.2,36146.91,12.0,90.0
209,3b_corte_gradual,1,0.065,0.065,0.0,0.0,0,0.0,128,-11776.29,47923.2,36146.91,12.0,90.0
210,3b_corte_gradual,1,0.065,0.065,0.0,0.0,0,0.0,128,-11776.29,47923.2,36146.91,12.0,90.0
211,3b_corte_gradual,1,0.0651,0.0651,0.0,0.0,0,0.0,128,-11776.29,47923.2,36146.91,12.0,90.0
212,3b_corte_gradual,1,0.0651,0.0651,0.0,0.0,0,0.0,128,-11776.29,47923.2,36146.91,12.0,90.0
213,3b_corte_gradual,1,0.0652,0.0652,0.0,0.0,0,0.0,128,-11776.29,47923.2,36146.91,12.0,90.0
214,3b_corte_gradual,1,0.0652,0.0652,0.0,0.0,0,0.0,128,-11776.29,47923.2,36146.91,12.0,90.0
215,3b_corte_gradual,1,0.0653,0.0653,0.0,0.0,0,0.0,128,-11776.29,47923.2,36146.91,12.0,90.0
216,3b_corte_gradual,1,0.0654,0.0654,0.0,0.0,0,0.0,128,-11776.29,47923.2,36146.91,12.0,90.0
217,3b_corte_gradual,1,0.0654,0.0654,0.0,0.0,0,0.0,128,-11776.29,47923.2,36146.91,12.0,90.0
218,3b_corte_gradual,1,0.0655,0.0655,0.0,0.0,0,0.0,128,-11776.29,47923.2,36146.91,12.0,90.0
219,3b_corte_gradual,1,0.0656,0.0656,0.0,0.0,0,0.0,128,-11776.29,47923.2,36146.91,12.0,90.0
220,3b_corte_gradual,1,0.0656,0.0656,0.0,0.0,0,0.0,128,-11776.29,47923.2,36146.91,12.0,90.0
221,3b_corte_gradual,1,0.0657,0.0657,0.0,0.0,0,0.0,128,-11776.29,47923.2,36146.91,12.0,90.0
222,3b_corte_gradual,1,0.0657,0.0657,0.0,0.0,0,0.0,128,-11767.29,47923.2,36155.91,12.0,90.0
223,3b_corte_gradual,1,0.0658,0.0658,0.0,0.0,0,0.0,128,-11767.29,47923.2,36155.91,12.0,90.0
224,3b_corte_gradual,1,0.0658,0.0658,0.0,0.0,0,0.0,128,-11767.29,47923.2,36155.91,12.0,90.0
225,3b_corte_gradual,1,0.0659,0.0659,0.0,0.0,0,0.0,128,-11767.29,47923.2,36155.91,12.0,90.0
226,3b_corte_gradual,1,0.066,0.066,0.0,0.0,0,0.0,128,-11767.29,47923.2,36155.91,12.0,90.0
227,3b_corte_gradual,1,0.0661,0.0661,0.0,0.0,0,0.0,128,-11767.29,47923.2,36155.91,12.0,90.0
228,3b_corte_gradual,1,0.0661,0.0661,0.0,0.0,0,0.0,128,-11758.29,47923.2,36164.91,12.0,90.0
229,3b_corte_gradual,1,0.0661,0.0661,0.0,0.0,0,0.0,128,-11758.29,47923.2,36164.91,12.0,90.0
230,3b_corte_gradual,1,0.0662,0.0662,0.0,0.0,0,0.0,128,-11758.29,47923.2,36164.91,12.0,90.0
231,3b_corte_gradual,1,0.0662,0.0662,0.0,0.0,0,0.0,128,-11749.29,47923.2,36173.91,12.0,90.0
232,3b_corte_gradual,1,0.0663,0.0663,0.0,0.0,0,0.0,128,-11740.28,47923.2,36182.92,12.0,90.0
233,3b_corte_gradual,1,0.0661,0.0661,0.0,0.0,0,0.0,128,-11704.27,47923.2,36218.93,12.0,90.0
234,3b_corte_gradual,1,0.0661,0.0661,0.0,0.0,0,0.0,128,-11686.27,47923.2,36236.93,12.0,90.0
235,3b_corte_gradual,1,0.0661,0.0661,0.0,0.0,0,0.0,128,-11686.27,47923.2,36236.93,12.0,90.0
236,3b_corte_gradual,1,0.0662,0.0662,0.0,0.0,0,0.0,128,-11686.27,47923.2,36236.93,12.0,90.0
237,3b_corte_gradual,1,0.0662,0.0662,0.0,0.0,0,0.0,128,-11677.26,47923.2,36245.94,12.0,90.0
238,3b_corte_gradual,1,0.0662,0.0662,0.0,0.0,0,0.0,128,-11668.26,47923.2,36254.94,12.0,90.0
239,3b_corte_gradual,1,0.0663,0.0663,0.0,0.0,0,0.0,128,-11668.26,47923.2,36254.94,12.0,90.0
240,3b_corte_gradual,1,0.0663,0.0663,0.0,0.0,0,0.0,128,-11668.26,47923.2,36254.94,12.0,90.0
241,3b_corte_gradual,1,0.0662,0.0662,0.0,0.0,0,0.0,128,-11641.25,47923.2,36281.95,12.0,90.0
242,3b_corte_gradual,1,0.0661,0.0661,0.0,0.0,0,0.0,128,-11623.25,47923.2,36299.95,12.0,90.0
243,3b_corte_gradual,1,0.066,0.066,0.0,0.0,0,0.0,128,-11596.24,47923.2,36326.96,12.0,90.0
244,3b_corte_gradual,1,0.0659,0.0659,0.0,0.0,0,0.0,128,-11578.24,47923.2,36344.96,12.0,90.0
245,3b_corte_gradual,1,0.0659,0.0659,0.0,0.0,0,0.0,128,-11578.24,47923.2,36344.96,12.0,90.0
246,3b_corte_gradual,1,0.0659,0.0659,0.0,0.0,0,0.0,128,-11569.23,47923.2,36353.97,12.0,90.0
247,3b_corte_gradual,1,0.0659,0.0659,0.0,0.0,0,0.0,128,-11560.23,47923.2,36362.97,12.0,90.0
248,3b_corte_gradual,1,0.0658,0.0658,0.0,0.0,0,0.0,128,-11551.23,47923.2,36371.97,12.0,90.0
249,3b_corte_gradual,1,0.0657,0.0657,0.0,0.0,0,0.0,128,-11524.22,47923.2,36398.98,12.0,90.0
250,3b_corte_gradual,1,0.0657,0.0657,0.0,0.0,0,0.0,128,-11524.22,47923.2,36398.98,12.0,90.0
251,3b_corte_gradual,1,0.0656,0.0656,0.0,0.0,0,0.0,128,-11506.22,47923.2,36416.98,12.0,90.0
252,3b_corte_gradual,1,0.0655,0.0655,0.0,0.0,0,0.0,128,-11497.22,47923.2,36425.98,12.0,90.0
253,3b_corte_gradual,1,0.0654,0.0654,0.0,0.0,0,0.0,128,-11479.21,47923.2,36443.99,12.0,90.0
254,3b_corte_gradual,1,0.0654,0.0654,0.0,0.0,0,0.0,128,-11479.21,47923.2,36443.99,12.0,90.0
255,3b_corte_gradual,1,0.0654,0.0654,0.0,0.0,0,0.0,128,-11470.21,47923.2,36452.99,12.0,90.0
256,3b_corte_gradual,1,0.0651,0.0651,0.0,0.0,0,0.0,128,-11443.19,47923.2,36480.01,12.0,90.0
257,3b_corte_gradual,1,0.0649,0.0649,0.0,0.0,0,0.0,128,-11416.19,47923.2,36507.01,12.0,90.0
258,3b_corte_gradual,1,0.0645,0.0645,0.0,0.0,0,0.0,128,-11380.17,47923.2,36543.03,12.0,90.0
259,3b_corte_gradual,1,0.0644,0.0644,0.0,0.0,0,0.0,128,-11371.17,47923.2,36552.03,12.0,90.0
260,3b_corte_gradual,1,0.0643,0.0643,0.0,0.0,0,0.0,128,-11362.17,47923.2,36561.03,12.0,90.0
261,3b_corte_gradual,1,0.0643,0.0643,0.0,0.0,0,0.0,128,-11362.17,47923.2,36561.03,12.0,90.0
262,3b_corte_gradual,1,0.0644,0.0644,0.0,0.0,0,0.0,128,-11362.17,47923.2,36561.03,12.0,90.0
263,3b_corte_gradual,1,0.0643,0.0643,0.0,0.0,0,0.0,128,-11353.16,47923.2,36570.04,12.0,90.0
264,3b_corte_gradual,1,0.0643,0.0643,0.0,0.0,0,0.0,128,-11353.16,47923.2,36570.04,12.0,90.0
265,3b_corte_gradual,1,0.0642,0.0642,0.0,0.0,0,0.0,128,-11344.16,47923.2,36579.04,12.0,90.0
266,3b_corte_gradual,1,0.0643,0.0643,0.0,0.0,0,0.0,128,-11344.16,47923.2,36579.04,12.0,90.0
267,3b_corte_gradual,1,0.0642,0.0642,0.0,0.0,0,0.0,128,-11335.16,47923.2,36588.04,12.0,90.0
268,3b_corte_gradual,1,0.064,0.064,0.0,0.0,0,0.0,128,-11317.15,47923.2,36606.05,12.0,90.0
269,3b_corte_gradual,1,0.0638,0.0638,0.0,0.0,0,0.0,128,-11299.14,47923.2,36624.06,12.0,90.0
270,3b_corte_gradual,1,0.0639,0.0639,0.0,0.0,0,0.0,128,-11299.14,47923.2,36624.06,12.0,90.0
271,3b_corte_gradual,1,0.0639,0.0639,0.0,0.0,0,0.0,128,-11299.14,47923.2,36624.06,12.0,90.0
272,3b_corte_gradual,1,0.0639,0.0639,0.0,0.0,0,0.0,128,-11299.14,47923.2,36624.06,12.0,90.0
273,3b_corte_gradual,1,0.064,0.064,0.0,0.0,0,0.0,128,-11299.14,47923.2,36624.06,12.0,90.0
274,3b_corte_gradual,1,0.064,0.064,0.0,0.0,0,0.0,128,-11299.14,47923.2,36624.06,12.0,90.0
275,3b_corte_gradual,1,0.064,0.064,0.0,0.0,0,0.0,128,-11299.14,47923.2,36624.06,12.0,90.0
276,3b_corte_gradual,1,0.064,0.064,0.0,0.0,0,0.0,128,-11290.14,47923.2,36633.06,12.0,90.0
277,3b_corte_gradual,1,0.0639,0.0639,0.0,0.0,0,0.0,128,-11281.14,47923.2,36642.06,12.0,90.0
278,3b_corte_gradual,1,0.064,0.064,0.0,0.0,0,0.0,128,-11281.14,47923.2,36642.06,12.0,90.0
279,3b_corte_gradual,1,0.064,0.064,0.0,0.0,0,0.0,128,-11281.14,47923.2,36642.06,12.0,90.0
280,3b_corte_gradual,1,0.0641,0.0641,0.0,0.0,0,0.0,128,-11281.14,47923.2,36642.06,12.0,90.0
281,3b_corte_gradual,1,0.0641,0.0641,0.0,0.0,0,0.0,128,-11281.14,47923.2,36642.06,12.0,90.0
282,3b_corte_gradual,1,0.0641,0.0641,0.0,0.0,0,0.0,128,-11281.14,47923.2,36642.06,12.0,90.0
283,3b_corte_gradual,1,0.0642,0.0642,0.0,0.0,0,0.0,128,-11281.14,47923.2,36642.06,12.0,90.0
284,3b_corte_gradual,1,0.0643,0.0643,0.0,0.0,0,0.0,128,-11281.14,47923.2,36642.06,12.0,90.0
285,3b_corte_gradual,1,0.0643,0.0643,0.0,0.0,0,0.0,128,-11281.14,47923.2,36642.06,12.0,90.0
286,3b_corte_gradual,1,0.0644,0.0644,0.0,0.0,0,0.0,128,-11281.14,47923.2,36642.06,12.0,90.0
287,3b_corte_gradual,1,0.0644,0.0644,0.0,0.0,0,0.0,128,-11281.14,47923.2,36642.06,12.0,90.0
288,3b_corte_gradual,1,0.0645,0.0645,0.0,0.0,0,0.0,128,-11281.14,47923.2,36642.06,12.0,90.0
289,3b_corte_gradual,1,0.0646,0.0646,0.0,0.0,0,0.0,128,-11281.14,47923.2,36642.06,12.0,90.0
290,3b_corte_gradual,1,0.0646,0.0646,0.0,0.0,0,0.0,128,-11281.14,47923.2,36642.06,12.0,90.0
291,3b_corte_gradual,1,0.0647,0.0647,0.0,0.0,0,0.0,128,-11281.14,47923.2,36642.06,12.0,90.0
292,3b_corte_gradual,1,0.0647,0.0647,0.0,0.0,0,0.0,128,-11281.14,47923.2,36642.06,12.0,90.0
293,3b_corte_gradual,1,0.0648,0.0648,0.0,0.0,0,0.0,128,-11281.14,47923.2,36642.06,12.0,90.0
294,3b_corte_gradual,1,0.0649,0.0649,0.0,0.0,0,0.0,128,-11281.14,47923.2,36642.06,12.0,90.0
295,3b_corte_gradual,1,0.0649,0.0649,0.0,0.0,0,0.0,128,-11272.13,47923.2,36651.07,12.0,90.0
296,3b_corte_gradual,1,0.065,0.065,0.0,0.0,0,0.0,128,-11272.13,47923.2,36651.07,12.0,90.0
297,3b_corte_gradual,1,0.065,0.065,0.0,0.0,0,0.0,128,-11272.13,47923.2,36651.07,12.0,90.0
298,3b_corte_gradual,1,0.0651,0.0651,0.0,0.0,0,0.0,128,-11272.13,47923.2,36651.07,12.0,90.0
299,3b_corte_gradual,1,0.0652,0.0652,0.0,0.0,0,0.0,128,-11272.13,47923.2,36651.07,12.0,90.0
300,3b_corte_gradual,1,0.0653,0.0653,0.0,0.0,0,0.0,128,-11272.13,47923.2,36651.07,12.0,90.0
301,3b_corte_gradual,1,0.0653,0.0653,0.0,0.0,0,0.0,128,-11272.13,47923.2,36651.07,12.0,90.0
302,3b_corte_gradual,1,0.0654,0.0654,0.0,0.0,0,0.0,128,-11272.13,47923.2,36651.07,12.0,90.0
303,3b_corte_gradual,1,0.0654,0.0654,0.0,0.0,0,0.0,128,-11254.13,47923.2,36669.07,12.0,90.0
304,3b_corte_gradual,1,0.0655,0.0655,0.0,0.0,0,0.0,128,-11254.13,47923.2,36669.07,12.0,90.0
305,3b_corte_gradual,1,0.0655,0.0655,0.0,0.0,0,0.0,128,-11254.13,47923.2,36669.07,12.0,90.0
306,3b_corte_gradual,1,0.0656,0.0656,0.0,0.0,0,0.0,128,-11254.13,47923.2,36669.07,12.0,90.0
307,3b_corte_gradual,1,0.0656,0.0656,0.0,0.0,0,0.0,128,-11236.13,47923.2,36687.07,12.0,90.0
308,3b_corte_gradual,1,0.0656,0.0656,0.0,0.0,0,0.0,128,-11218.12,47923.2,36705.08,12.0,90.0
309,3b_corte_gradual,1,0.0656,0.0656,0.0,0.0,0,0.0,128,-11209.11,47923.2,36714.09,12.0,90.0
310,3b_corte_gradual,1,0.0656,0.0656,0.0,0.0,0,0.0,128,-11200.11,47923.2,36723.09,12.0,90.0
311,3b_corte_gradual,1,0.0656,0.0656,0.0,0.0,0,0.0,128,-11191.11,47923.2,36732.09,12.0,90.0
312,3b_corte_gradual,1,0.0656,0.0656,0.0,0.0,0,0.0,128,-11182.11,47923.2,36741.09,12.0,90.0
313,3b_corte_gradual,1,0.0657,0.0657,0.0,0.0,0,0.0,128,-11182.11,47923.2,36741.09,12.0,90.0
314,3b_corte_gradual,1,0.0657,0.0657,0.0,0.0,0,0.0,128,-11173.11,47923.2,36750.09,12.0,90.0
315,3b_corte_gradual,1,0.0656,0.0656,0.0,0.0,0,0.0,128,-11146.1,47923.2,36777.1,12.0,90.0
316,3b_corte_gradual,1,0.0653,0.0653,0.0,0.0,0,0.0,128,-11092.08,47923.2,36831.12,12.0,90.0
317,3b_corte_gradual,1,0.0653,0.0653,0.0,0.0,0,0.0,128,-11092.08,47923.2,36831.12,12.0,90.0
318,3b_corte_gradual,1,0.0652,0.0652,0.0,0.0,0,0.0,128,-11074.06,47923.2,36849.14,12.0,90.0
319,3b_corte_gradual,1,0.0652,0.0652,0.0,0.0,0,0.0,128,-11065.06,47923.2,36858.14,12.0,90.0
320,3b_corte_gradual,1,0.0653,0.0653,0.0,0.0,0,0.0,128,-11065.06,47923.2,36858.14,12.0,90.0
321,3b_corte_gradual,1,0.0652,0.0652,0.0,0.0,0,0.0,128,-11056.06,47923.2,36867.14,12.0,90.0
322,3b_corte_gradual,1,0.0653,0.0653,0.0,0.0,0,0.0,128,-11056.06,47923.2,36867.14,12.0,90.0
323,3b_corte_gradual,1,0.0653,0.0653,0.0,0.0,0,0.0,128,-11047.05,47923.2,36876.15,12.0,90.0
324,3b_corte_gradual,1,0.0652,0.0652,0.0,0.0,0,0.0,128,-11038.05,47923.2,36885.15,12.0,90.0
325,3b_corte_gradual,1,0.065,0.065,0.0,0.0,0,0.0,128,-11011.04,47923.2,36912.16,12.0,90.0
326,3b_corte_gradual,1,0.0648,0.0648,0.0,0.0,0,0.0,128,-10984.03,47923.2,36939.17,12.0,90.0
327,3b_corte_gradual,1,0.0648,0.0648,0.0,0.0,0,0.0,128,-10975.03,47923.2,36948.17,12.0,90.0
328,3b_corte_gradual,1,0.0646,0.0646,0.0,0.0,0,0.0,128,-10957.02,47923.2,36966.18,12.0,90.0
329,3b_corte_gradual,1,0.0644,0.0644,0.0,0.0,0,0.0,128,-10930.0,47923.2,36993.2,12.0,90.0
330,3b_corte_gradual,1,0.0642,0.0642,0.0,0.0,0,0.0,128,-10912.0,47923.2,37011.2,12.0,90.0
331,3b_corte_gradual,1,0.0642,0.0642,0.0,0.0,0,0.0,128,-10903.0,47923.2,37020.2,12.0,90.0
332,3b_corte_gradual,1,0.0641,0.0641,0.0,0.0,0,0.0,128,-10893.99,47923.2,37029.21,12.0,90.0
333,3b_corte_gradual,1,0.064,0.064,0.0,0.0,0,0.0,128,-10884.99,47923.2,37038.21,12.0,90.0
334,3b_corte_gradual,1,0.0638,0.0638,0.0,0.0,0,0.0,128,-10866.99,47923.2,37056.21,12.0,90.0
335,3b_corte_gradual,1,0.0638,0.0638,0.0,0.0,0,0.0,128,-10866.99,47923.2,37056.21,12.0,90.0
336,3b_corte_gradual,1,0.0638,0.0638,0.0,0.0,0,0.0,128,-10857.98,47923.2,37065.22,12.0,90.0
337,3b_corte_gradual,1,0.0638,0.0638,0.0,0.0,0,0.0,128,-10857.98,47923.2,37065.22,12.0,90.0
338,3b_corte_gradual,1,0.0637,0.0637,0.0,0.0,0,0.0,128,-10848.98,47923.2,37074.22,12.0,90.0
339,3b_corte_gradual,1,0.0637,0.0637,0.0,0.0,0,0.0,128,-10848.98,47923.2,37074.22,12.0,90.0
340,3b_corte_gradual,1,0.0637,0.0637,0.0,0.0,0,0.0,128,-10839.97,47923.2,37083.23,12.0,90.0
341,3b_corte_gradual,1,0.0635,0.0635,0.0,0.0,0,0.0,128,-10821.96,47923.2,37101.24,12.0,90.0
342,3b_corte_gradual,1,0.0633,0.0633,0.0,0.0,0,0.0,128,-10803.96,47923.2,37119.24,12.0,90.0
343,3b_corte_gradual,1,0.0632,0.0632,0.0,0.0,0,0.0,128,-10794.95,47923.2,37128.25,12.0,90.0
344,3b_corte_gradual,1,0.0633,0.0633,0.0,0.0,0,0.0,128,-10794.95,47923.2,37128.25,12.0,90.0
345,3b_corte_gradual,1,0.0633,0.0633,0.0,0.0,0,0.0,128,-10794.95,47923.2,37128.25,12.0,90.0
346,3b_corte_gradual,1,0.0633,0.0633,0.0,0.0,0,0.0,128,-10794.95,47923.2,37128.25,12.0,90.0
347,3b_corte_gradual,1,0.0634,0.0634,0.0,0.0,0,0.0,128,-10794.95,47923.2,37128.25,12.0,90.0
348,3b_corte_gradual,1,0.0634,0.0634,0.0,0.0,0,0.0,128,-10794.95,47923.2,37128.25,12.0,90.0
349,3b_corte_gradual,1,0.0635,0.0635,0.0,0.0,0,0.0,128,-10794.95,47923.2,37128.25,12.0,90.0
350,3b_corte_gradual,1,0.0635,0.0635,0.0,0.0,0,0.0,128,-10794.95,47923.2,37128.25,12.0,90.0
351,3b_corte_gradual,1,0.0636,0.0636,0.0,0.0,0,0.0,128,-10794.95,47923.2,37128.25,12.0,90.0
352,3b_corte_gradual,1,0.0635,0.0635,0.0,0.0,0,0.0,128,-10785.95,47923.2,37137.25,12.0,90.0
353,3b_corte_gradual,1,0.0635,0.0635,0.0,0.0,0,0.0,128,-10776.95,47923.2,37146.25,12.0,90.0
354,3b_corte_gradual,1,0.0635,0.0635,0.0,0.0,0,0.0,128,-10776.95,47923.2,37146.25,12.0,90.0
355,3b_corte_gradual,1,0.0636,0.0636,0.0,0.0,0,0.0,128,-10776.95,47923.2,37146.25,12.0,90.0
356,3b_corte_gradual,1,0.0636,0.0636,0.0,0.0,0,0.0,128,-10776.95,47923.2,37146.25,12.0,90.0
357,3b_corte_gradual,1,0.0637,0.0637,0.0,0.0,0,0.0,128,-10776.95,47923.2,37146.25,12.0,90.0
358,3b_corte_gradual,1,0.0637,0.0637,0.0,0.0,0,0.0,128,-10776.95,47923.2,37146.25,12.0,90.0
359,3b_corte_gradual,1,0.0638,0.0638,0.0,0.0,0,0.0,128,-10776.95,47923.2,37146.25,12.0,90.0
360,3b_corte_gradual,1,0.0639,0.0639,0.0,0.0,0,0.0,128,-10776.95,47923.2,37146.25,12.0,90.0
361,3b_corte_gradual,1,0.0639,0.0639,0.0,0.0,0,0.0,128,-10776.95,47923.2,37146.25,12.0,90.0
362,3b_corte_gradual,1,0.064,0.064,0.0,0.0,0,0.0,128,-10776.95,47923.2,37146.25,12.0,90.0
363,3b_corte_gradual,1,0.064,0.064,0.0,0.0,0,0.0,128,-10776.95,47923.2,37146.25,12.0,90.0
364,3b_corte_gradual,1,0.0641,0.0641,0.0,0.0,0,0.0,128,-10776.95,47923.2,37146.25,12.0,90.0
365,3b_corte_gradual,1,0.0642,0.0642,0.0,0.0,0,0.0,128,-10776.95,47923.2,37146.25,12.0,90.0
366,3b_corte_gradual,1,0.0642,0.0642,0.0,0.0,0,0.0,128,-10776.95,47923.2,37146.25,12.0,90.0
367,3b_corte_gradual,1,0.0643,0.0643,0.0,0.0,0,0.0,128,-10767.95,47923.2,37155.25,12.0,90.0
368,3b_corte_gradual,1,0.0643,0.0643,0.0,0.0,0,0.0,128,-10767.95,47923.2,37155.25,12.0,90.0
369,3b_corte_gradual,1,0.0644,0.0644,0.0,0.0,0,0.0,128,-10767.95,47923.2,37155.25,12.0,90.0
370,3b_corte_gradual,1,0.0645,0.0645,0.0,0.0,0,0.0,128,-10767.95,47923.2,37155.25,12.0,90.0
371,3b_corte_gradual,1,0.0646,0.0646,0.0,0.0,0,0.0,128,-10767.95,47923.2,37155.25,12.0,90.0
372,3b_corte_gradual,1,0.0646,0.0646,0.0,0.0,0,0.0,128,-10767.95,47923.2,37155.25,12.0,90.0
373,3b_corte_gradual,1,0.0647,0.0647,0.0,0.0,0,0.0,128,-10767.95,47923.2,37155.25,12.0,90.0
374,3b_corte_gradual,1,0.0648,0.0648,0.0,0.0,0,0.0,128,-10767.95,47923.2,37155.25,12.0,90.0
375,3b_corte_gradual,1,0.0648,0.0648,0.0,0.0,0,0.0,128,-10749.94,47923.2,37173.26,12.0,90.0
376,3b_corte_gradual,1,0.0649,0.0649,0.0,0.0,0,0.0,128,-10749.94,47923.2,37173.26,12.0,90.0
377,3b_corte_gradual,1,0.0649,0.0649,0.0,0.0,0,0.0,128,-10749.94,47923.2,37173.26,12.0,90.0
378,3b_corte_gradual,1,0.065,0.065,0.0,0.0,0,0.0,128,-10740.94,47923.2,37182.26,12.0,90.0
379,3b_corte_gradual,1,0.065,0.065,0.0,0.0,0,0.0,128,-10731.93,47923.2,37191.27,12.0,90.0
380,3b_corte_gradual,1,0.0649,0.0649,0.0,0.0,0,0.0,128,-10704.93,47923.2,37218.27,12.0,90.0
381,3b_corte_gradual,1,0.065,0.065,0.0,0.0,0,0.0,128,-10704.93,47923.2,37218.27,12.0,90.0
382,3b_corte_gradual,1,0.065,0.065,0.0,0.0,0,0.0,128,-10704.93,47923.2,37218.27,12.0,90.0
383,3b_corte_gradual,1,0.0651,0.0651,0.0,0.0,0,0.0,128,-10695.92,47923.2,37227.28,12.0,90.0
384,3b_corte_gradual,1,0.0651,0.0651,0.0,0.0,0,0.0,128,-10686.92,47923.2,37236.28,12.0,90.0
385,3b_corte_gradual,1,0.0651,0.0651,0.0,0.0,0,0.0,128,-10668.92,47923.2,37254.28,12.0,90.0
386,3b_corte_gradual,1,0.0651,0.0651,0.0,0.0,0,0.0,128,-10668.92,47923.2,37254.28,12.0,90.0
387,3b_corte_gradual,1,0.0651,0.0651,0.0,0.0,0,0.0,128,-10650.92,47923.2,37272.28,12.0,90.0
388,3b_corte_gradual,1,0.0649,0.0649,0.0,0.0,0,0.0,128,-10614.9,47923.2,37308.3,12.0,90.0
389,3b_corte_gradual,1,0.0648,0.0648,0.0,0.0,0,0.0,128,-10587.9,47923.2,37335.3,12.0,90.0
390,3b_corte_gradual,1,0.0648,0.0648,0.0,0.0,0,0.0,128,-10587.9,47923.2,37335.3,12.0,90.0
391,3b_corte_gradual,1,0.0648,0.0648,0.0,0.0,0,0.0,128,-10578.89,47923.2,37344.31,12.0,90.0
392,3b_corte_gradual,1,0.0647,0.0647,0.0,0.0,0,0.0,128,-10560.89,47923.2,37362.31,12.0,90.0
393,3b_corte_gradual,1,0.0647,0.0647,0.0,0.0,0,0.0,128,-10560.89,47923.2,37362.31,12.0,90.0
394,3b_corte_gradual,1,0.0647,0.0647,0.0,0.0,0,0.0,128,-10551.89,47923.2,37371.31,12.0,90.0
395,3b_corte_gradual,1,0.0647,0.0647,0.0,0.0,0,0.0,128,-10542.88,47923.2,37380.32,12.0,90.0
396,3b_corte_gradual,1,0.0647,0.0647,0.0,0.0,0,0.0,128,-10533.88,47923.2,37389.32,12.0,90.0
397,3b_corte_gradual,1,0.0646,0.0646,0.0,0.0,0,0.0,128,-10515.87,47923.2,37407.33,12.0,90.0
398,3b_corte_gradual,1,0.0644,0.0644,0.0,0.0,0,0.0,128,-10488.87,47923.2,37434.33,12.0,90.0
399,3b_corte_gradual,1,0.0642,0.0642,0.0,0.0,0,0.0,128,-10470.86,47923.2,37452.34,12.0,90.0
400,3b_corte_gradual,1,0.064,0.064,0.0,0.0,0,0.0,128,-10443.86,47923.2,37479.34,12.0,90.0
401,3b_corte_gradual,1,0.064,0.064,0.0,0.0,0,0.0,128,-10434.85,47923.2,37488.35,12.0,90.0
402,3b_corte_gradual,1,0.064,0.064,0.0,0.0,0,0.0,128,-10434.85,47923.2,37488.35,12.0,90.0
403,3b_corte_gradual,1,0.0639,0.0639,0.0,0.0,0,0.0,128,-10425.85,47923.2,37497.35,12.0,90.0
404,3b_corte_gradual,1,0.0638,0.0638,0.0,0.0,0,0.0,128,-10407.84,47923.2,37515.36,12.0,90.0
405,3b_corte_gradual,1,0.0636,0.0636,0.0,0.0,0,0.0,128,-10389.83,47923.2,37533.37,12.0,90.0
406,3b_corte_gradual,1,0.0635,0.0635,0.0,0.0,0,0.0,128,-10380.83,47923.2,37542.37,12.0,90.0
407,3b_corte_gradual,1,0.0635,0.0635,0.0,0.0,0,0.0,128,-10371.83,47923.2,37551.37,12.0,90.0
408,3b_corte_gradual,1,0.0634,0.0634,0.0,0.0,0,0.0,128,-10362.82,47923.2,37560.38,12.0,90.0
409,3b_corte_gradual,1,0.0632,0.0632,0.0,0.0,0,0.0,128,-10344.81,47923.2,37578.39,12.0,90.0
410,3b_corte_gradual,1,0.0633,0.0633,0.0,0.0,0,0.0,128,-10344.81,47923.2,37578.39,12.0,90.0
411,3b_corte_gradual,1,0.0633,0.0633,0.0,0.0,0,0.0,128,-10344.81,47923.2,37578.39,12.0,90.0
412,3b_corte_gradual,1,0.0633,0.0633,0.0,0.0,0,0.0,128,-10335.81,47923.2,37587.39,12.0,90.0
413,3b_corte_gradual,1,0.0631,0.0631,0.0,0.0,0,0.0,128,-10317.81,47923.2,37605.39,12.0,90.0
414,3b_corte_gradual,1,0.0629,0.0629,0.0,0.0,0,0.0,128,-10299.81,47923.2,37623.39,12.0,90.0
415,3b_corte_gradual,1,0.0629,0.0629,0.0,0.0,0,0.0,128,-10290.8,47923.2,37632.4,12.0,90.0
416,3b_corte_gradual,1,0.0629,0.0629,0.0,0.0,0,0.0,128,-10290.8,47923.2,37632.4,12.0,90.0
417,3b_corte_gradual,1,0.0629,0.0629,0.0,0.0,0,0.0,128,-10290.8,47923.2,37632.4,12.0,90.0
418,3b_corte_gradual,1,0.063,0.063,0.0,0.0,0,0.0,128,-10290.8,47923.2,37632.4,12.0,90.0
419,3b_corte_gradual,1,0.063,0.063,0.0,0.0,0,0.0,128,-10290.8,47923.2,37632.4,12.0,90.0
420,3b_corte_gradual,1,0.0631,0.0631,0.0,0.0,0,0.0,128,-10290.8,47923.2,37632.4,12.0,90.0
421,3b_corte_gradual,1,0.0631,0.0631,0.0,0.0,0,0.0,128,-10290.8,47923.2,37632.4,12.0,90.0
422,3b_corte_gradual,1,0.0632,0.0632,0.0,0.0,0,0.0,128,-10290.8,47923.2,37632.4,12.0,90.0
423,3b_corte_gradual,1,0.0632,0.0632,0.0,0.0,0,0.0,128,-10290.8,47923.2,37632.4,12.0,90.0
424,3b_corte_gradual,1,0.0633,0.0633,0.0,0.0,0,0.0,128,-10290.8,47923.2,37632.4,12.0,90.0
425,3b_corte_gradual,1,0.0633,0.0633,0.0,0.0,0,0.0,128,-10281.79,47923.2,37641.41,12.0,90.0
426,3b_corte_gradual,1,0.0633,0.0633,0.0,0.0,0,0.0,128,-10281.79,47923.2,37641.41,12.0,90.0
427,3b_corte_gradual,1,0.0633,0.0633,0.0,0.0,0,0.0,128,-10272.79,47923.2,37650.41,12.0,90.0
428,3b_corte_gradual,1,0.0634,0.0634,0.0,0.0,0,0.0,128,-10272.79,47923.2,37650.41,12.0,90.0
429,3b_corte_gradual,1,0.0635,0.0635,0.0,0.0,0,0.0,128,-10272.79,47923.2,37650.41,12.0,90.0
430,3b_corte_gradual,1,0.0634,0.0634,0.0,0.0,0,0.0,128,-10263.79,47923.2,37659.41,12.0,90.0
431,3b_corte_gradual,1,0.0635,0.0635,0.0,0.0,0,0.0,128,-10263.79,47923.2,37659.41,12.0,90.0
432,3b_corte_gradual,1,0.0636,0.0636,0.0,0.0,0,0.0,128,-10263.79,47923.2,37659.41,12.0,90.0
433,3b_corte_gradual,1,0.0637,0.0637,0.0,0.0,0,0.0,128,-10263.79,47923.2,37659.41,12.0,90.0
434,3b_corte_gradual,1,0.0637,0.0637,0.0,0.0,0,0.0,128,-10263.79,47923.2,37659.41,12.0,90.0
435,3b_corte_gradual,1,0.0637,0.0637,0.0,0.0,0,0.0,128,-10254.79,47923.2,37668.41,12.0,90.0
436,3b_corte_gradual,1,0.0638,0.0638,0.0,0.0,0,0.0,128,-10254.79,47923.2,37668.41,12.0,90.0
437,3b_corte_gradual,1,0.0639,0.0639,0.0,0.0,0,0.0,128,-10254.79,47923.2,37668.41,12.0,90.0
438,3b_corte_gradual,1,0.064,0.064,0.0,0.0,0,0.0,128,-10254.79,47923.2,37668.41,12.0,90.0
439,3b_corte_gradual,1,0.064,0.064,0.0,0.0,0,0.0,128,-10254.79,47923.2,37668.41,12.0,90.0
440,3b_corte_gradual,1,0.0641,0.0641,0.0,0.0,0,0.0,128,-10254.79,47923.2,37668.41,12.0,90.0
441,3b_corte_gradual,1,0.0642,0.0642,0.0,0.0,0,0.0,128,-10254.79,47923.2,37668.41,12.0,90.0
442,3b_corte_gradual,1,0.0642,0.0642,0.0,0.0,0,0.0,128,-10245.78,47923.2,37677.42,12.0,90.0
443,3b_corte_gradual,1,0.0643,0.0643,0.0,0.0,0,0.0,128,-10245.78,47923.2,37677.42,12.0,90.0
444,3b_corte_gradual,1,0.0644,0.0644,0.0,0.0,0,0.0,128,-10245.78,47923.2,37677.42,12.0,90.0
445,3b_corte_gradual,1,0.0644,0.0644,0.0,0.0,0,0.0,128,-10236.78,47923.2,37686.42,12.0,90.0
446,3b_corte_gradual,1,0.0645,0.0645,0.0,0.0,0,0.0,128,-10236.78,47923.2,37686.42,12.0,90.0
447,3b_corte_gradual,1,0.0646,0.0646,0.0,0.0,0,0.0,128,-10227.77,47923.2,37695.43,12.0,90.0
448,3b_corte_gradual,1,0.0646,0.0646,0.0,0.0,0,0.0,128,-10218.77,47923.2,37704.43,12.0,90.0
449,3b_corte_gradual,1,0.0646,0.0646,0.0,0.0,0,0.0,128,-10209.77,47923.2,37713.43,12.0,90.0
450,3b_corte_gradual,1,0.0646,0.0646,0.0,0.0,0,0.0,128,-10191.76,47923.2,37731.44,12.0,90.0
451,3b_corte_gradual,1,0.0647,0.0647,0.0,0.0,0,0.0,128,-10182.76,47923.2,37740.44,12.0,90.0
452,3b_corte_gradual,1,0.0647,0.0647,0.0,0.0,0,0.0,128,-10182.76,47923.2,37740.44,12.0,90.0
453,3b_corte_gradual,1,0.0646,0.0646,0.0,0.0,0,0.0,128,-10146.75,47923.2,37776.45,12.0,90.0
454,3b_corte_gradual,1,0.0646,0.0646,0.0,0.0,0,0.0,128,-10137.74,47923.2,37785.46,12.0,90.0
455,3b_corte_gradual,1,0.0647,0.0647,0.0,0.0,0,0.0,128,-10137.74,47923.2,37785.46,12.0,90.0
456,3b_corte_gradual,1,0.0645,0.0645,0.0,0.0,0,0.0,128,-10101.73,47923.2,37821.47,12.0,90.0
457,3b_corte_gradual,1,0.0644,0.0644,0.0,0.0,0,0.0,128,-10074.72,47923.2,37848.48,12.0,90.0
458,3b_corte_gradual,1,0.0643,0.0643,0.0,0.0,0,0.0,128,-10056.72,47923.2,37866.48,12.0,90.0
459,3b_corte_gradual,1,0.0643,0.0643,0.0,0.0,0,0.0,128,-10056.72,47923.2,37866.48,12.0,90.0
460,3b_corte_gradual,1,0.0642,0.0642,0.0,0.0,0,0.0,128,-10038.71,47923.2,37884.49,12.0,90.0
461,3b_corte_gradual,1,0.0641,0.0641,0.0,0.0,0,0.0,128,-10020.7,47923.2,37902.5,12.0,90.0
462,3b_corte_gradual,1,0.0642,0.0642,0.0,0.0,0,0.0,128,-10020.7,47923.2,37902.5,12.0,90.0
463,3b_corte_gradual,1,0.0641,0.0641,0.0,0.0,0,0.0,128,-10002.7,47923.2,37920.5,12.0,90.0
464,3b_corte_gradual,1,0.0641,0.0641,0.0,0.0,0,0.0,128,-10002.7,47923.2,37920.5,12.0,90.0
465,3b_corte_gradual,1,0.064,0.064,0.0,0.0,0,0.0,128,-9975.7,47923.2,37947.5,12.0,90.0
466,3b_corte_gradual,1,0.0636,0.0636,0.0,0.0,0,0.0,128,-9939.68,47923.2,37983.52,12.0,90.0
467,3b_corte_gradual,1,0.0636,0.0636,0.0,0.0,0,0.0,128,-9930.68,47923.2,37992.52,12.0,90.0
468,3b_corte_gradual,1,0.0635,0.0635,0.0,0.0,0,0.0,128,-9921.68,47923.2,38001.52,12.0,90.0
469,3b_corte_gradual,1,0.0636,0.0636,0.0,0.0,0,0.0,128,-9921.68,47923.2,38001.52,12.0,90.0
470,3b_corte_gradual,1,0.0635,0.0635,0.0,0.0,0,0.0,128,-9912.68,47923.2,38010.52,12.0,90.0
471,3b_corte_gradual,1,0.0633,0.0633,0.0,0.0,0,0.0,128,-9885.67,47923.2,38037.53,12.0,90.0
472,3b_corte_gradual,1,0.0632,0.0632,0.0,0.0,0,0.0,128,-9876.67,47923.2,38046.53,12.0,90.0
473,3b_corte_gradual,1,0.0631,0.0631,0.0,0.0,0,0.0,128,-9858.66,47923.2,38064.54,12.0,90.0
474,3b_corte_gradual,1,0.063,0.063,0.0,0.0,0,0.0,128,-9849.66,47923.2,38073.54,12.0,90.0
475,3b_corte_gradual,1,0.0629,0.0629,0.0,0.0,0,0.0,128,-9840.65,47923.2,38082.55,12.0,90.0
476,3b_corte_gradual,1,0.0629,0.0629,0.0,0.0,0,0.0,128,-9831.65,47923.2,38091.55,12.0,90.0
477,3b_corte_gradual,1,0.0629,0.0629,0.0,0.0,0,0.0,128,-9831.65,47923.2,38091.55,12.0,90.0
478,3b_corte_gradual,1,0.0629,0.0629,0.0,0.0,0,0.0,128,-9831.65,47923.2,38091.55,12.0,90.0
479,3b_corte_gradual,1,0.0628,0.0628,0.0,0.0,0,0.0,128,-9813.65,47923.2,38109.55,12.0,90.0
480,3b_corte_gradual,1,0.0628,0.0628,0.0,0.0,0,0.0,128,-9813.65,47923.2,38109.55,12.0,90.0
481,3b_corte_gradual,1,0.0628,0.0628,0.0,0.0,0,0.0,128,-9804.65,47923.2,38118.55,12.0,90.0
482,3b_corte_gradual,1,0.0626,0.0626,0.0,0.0,0,0.0,128,-9786.64,47923.2,38136.56,12.0,90.0
483,3b_corte_gradual,1,0.0626,0.0626,0.0,0.0,0,0.0,128,-9777.63,47923.2,38145.57,12.0,90.0
484,3b_corte_gradual,1,0.0626,0.0626,0.0,0.0,0,0.0,128,-9777.63,47923.2,38145.57,12.0,90.0
485,3b_corte_gradual,1,0.0627,0.0627,0.0,0.0,0,0.0,128,-9777.63,47923.2,38145.57,12.0,90.0
486,3b_corte_gradual,1,0.0627,0.0627,0.0,0.0,0,0.0,128,-9777.63,47923.2,38145.57,12.0,90.0
487,3b_corte_gradual,1,0.0628,0.0628,0.0,0.0,0,0.0,128,-9777.63,47923.2,38145.57,12.0,90.0
488,3b_corte_gradual,1,0.0628,0.0628,0.0,0.0,0,0.0,128,-9777.63,47923.2,38145.57,12.0,90.0
489,3b_corte_gradual,1,0.0629,0.0629,0.0,0.0,0,0.0,128,-9777.63,47923.2,38145.57,12.0,90.0
490,3b_corte_gradual,1,0.0629,0.0629,0.0,0.0,0,0.0,128,-9777.63,47923.2,38145.57,12.0,90.0
491,3b_corte_gradual,1,0.0629,0.0629,0.0,0.0,0,0.0,128,-9768.63,47923.2,38154.57,12.0,90.0
492,3b_corte_gradual,1,0.063,0.063,0.0,0.0,0,0.0,128,-9768.63,47923.2,38154.57,12.0,90.0
493,3b_corte_gradual,1,0.063,0.063,0.0,0.0,0,0.0,128,-9759.63,47923.2,38163.57,12.0,90.0
494,3b_corte_gradual,1,0.063,0.063,0.0,0.0,0,0.0,128,-9759.63,47923.2,38163.57,12.0,90.0
495,3b_corte_gradual,1,0.0631,0.0631,0.0,0.0,0,0.0,128,-9759.63,47923.2,38163.57,12.0,90.0
496,3b_corte_gradual,1,0.0631,0.0631,0.0,0.0,0,0.0,128,-9750.62,47923.2,38172.58,12.0,90.0
497,3b_corte_gradual,1,0.0632,0.0632,0.0,0.0,0,0.0,128,-9750.62,47923.2,38172.58,12.0,90.0
498,3b_corte_gradual,1,0.0632,0.0632,0.0,0.0,0,0.0,128,-9750.62,47923.2,38172.58,12.0,90.0
499,3b_corte_gradual,1,0.0633,0.0633,0.0,0.0,0,0.0,128,-9750.62,47923.2,38172.58,12.0,90.0
